order_id,food_id,quantity,unit_price,discount,total_price
1,30,2,241.85,0.0,483.7
1,30,1,241.85,0.0,241.85
2,184,3,186.27,0.0,558.81
2,116,1,101.23,0.0,101.23
3,124,1,140.15,0.0,140.15
3,58,1,324.99,0.0,324.99
4,46,1,183.07,0.0,183.07
5,186,1,147.99,0.0,147.99
6,108,1,284.65,0.0,284.65
6,108,2,284.65,0.0,569.3
6,18,3,103.15,0.0,309.45
6,38,1,166.39,0.0,166.39
6,18,1,103.15,0.0,103.15
6,108,2,284.65,33.09,536.21
7,93,1,107.19,0.0,107.19
8,127,1,233.63,0.0,233.63
8,192,1,141.42,0.0,141.42
9,51,1,142.96,0.0,142.96
9,164,2,245.23,0.0,490.46
10,164,1,245.23,0.0,245.23
11,16,2,160.73,0.0,321.46
11,37,1,272.65,0.0,272.65
12,13,2,204.98,0.0,409.96
13,149,1,133.71,0.0,133.71
14,75,2,131.03,0.0,262.06
15,13,3,204.98,0.0,614.94
15,13,1,204.98,0.0,204.98
16,7,1,174.65,0.0,174.65
17,46,2,183.07,0.0,366.14
18,14,1,155.43,0.0,155.43
19,13,1,204.98,0.0,204.98
20,154,2,168.71,0.0,337.42
21,34,2,160.34,27.06,293.62
22,197,2,178.95,0.0,357.9
23,189,1,166.79,0.0,166.79
24,115,1,128.67,0.0,128.67
24,34,1,160.34,22.44,137.9
24,28,1,88.98,0.0,88.98
25,35,1,143.72,0.0,143.72
25,82,2,134.91,0.0,269.82
26,22,1,88.13,0.0,88.13
27,4,1,228.49,0.0,228.49
27,63,1,194.65,0.0,194.65
28,112,2,120.15,9.31,230.99
29,43,3,163.98,34.87,457.07
29,137,1,164.64,0.0,164.64
29,126,1,167.87,0.0,167.87
30,42,1,256.94,63.81,193.13
31,107,3,215.38,0.0,646.14
32,196,1,129.19,0.0,129.19
32,200,2,117.27,0.0,234.54
32,157,3,245.36,0.0,736.08
33,83,1,277.87,0.0,277.87
34,63,1,194.65,0.0,194.65
35,99,2,218.4,0.0,436.8
36,45,2,209.44,0.0,418.88
36,102,1,201.74,0.0,201.74
36,27,2,206.98,0.0,413.96
37,196,2,129.19,0.0,258.38
37,196,1,129.19,0.0,129.19
38,154,2,168.71,0.0,337.42
38,145,3,226.72,0.0,680.16
38,154,1,168.71,0.0,168.71
38,145,1,226.72,0.0,226.72
39,140,1,216.66,0.0,216.66
39,140,3,216.66,0.0,649.98
40,146,3,260.04,0.0,780.12
40,151,1,209.63,0.0,209.63
41,64,1,213.31,0.0,213.31
42,164,1,245.23,0.0,245.23
43,60,1,176.68,0.0,176.68
44,99,1,218.4,0.0,218.4
45,25,1,228.02,0.0,228.02
45,114,1,176.83,0.0,176.83
46,166,1,229.72,0.0,229.72
47,77,3,193.44,0.0,580.32
48,176,1,151.88,0.0,151.88
49,42,2,256.94,0.0,513.88
49,42,1,256.94,0.0,256.94
50,98,1,275.77,0.0,275.77
50,159,4,201.51,0.0,806.04
50,196,2,129.19,0.0,258.38
50,200,1,117.27,0.0,117.27
50,196,1,129.19,0.0,129.19
51,33,4,165.75,0.0,663.0
51,42,5,256.94,0.0,1284.7
51,33,2,165.75,0.0,331.5
52,55,4,167.79,0.0,671.16
52,55,3,167.79,0.0,503.37
53,90,1,209.34,19.4,189.94
53,185,1,224.62,37.9,186.72
53,185,3,224.62,0.0,673.86
54,90,2,209.34,0.0,418.68
54,129,1,279.43,0.0,279.43
54,156,1,237.59,42.77,194.82
55,113,2,177.36,0.0,354.72
55,31,1,242.14,0.0,242.14
55,113,1,177.36,0.0,177.36
56,37,1,272.65,62.09,210.56
56,16,1,160.73,19.64,141.09
56,16,1,160.73,0.0,160.73
56,37,1,272.65,0.0,272.65
57,170,1,224.35,0.0,224.35
58,80,3,102.55,0.0,307.65
58,91,1,218.42,0.0,218.42
58,80,1,102.55,0.0,102.55
59,146,1,260.04,0.0,260.04
60,144,3,198.4,0.0,595.2
61,198,2,50.34,0.0,100.68
61,176,1,151.88,0.0,151.88
61,198,1,50.34,0.0,50.34
62,118,1,189.62,0.0,189.62
62,85,1,62.56,0.0,62.56
63,52,1,177.08,0.0,177.08
63,95,5,281.68,0.0,1408.4
63,52,1,177.08,32.13,144.95
63,95,1,281.68,0.0,281.68
64,158,2,99.72,0.0,199.44
65,57,2,128.81,0.0,257.62
66,13,1,204.98,0.0,204.98
67,45,1,209.44,0.0,209.44
68,144,1,198.4,0.0,198.4
68,193,1,134.75,31.64,103.11
69,3,1,252.17,31.93,220.24
70,20,3,145.41,0.0,436.23
70,143,2,193.43,0.0,386.86
70,162,3,152.51,0.0,457.53
70,121,2,203.98,50.65,357.31
71,20,1,145.41,0.0,145.41
72,44,1,125.75,0.0,125.75
73,94,1,177.98,0.0,177.98
74,157,1,245.36,0.0,245.36
75,145,3,226.72,0.0,680.16
75,154,3,168.71,0.0,506.13
76,92,1,167.15,0.0,167.15
77,139,5,162.53,0.0,812.65
78,5,4,251.64,0.0,1006.56
78,146,2,260.04,0.0,520.08
79,93,1,107.19,0.0,107.19
79,180,3,258.93,0.0,776.79
80,151,2,209.63,0.0,419.26
81,5,2,251.64,0.0,503.28
82,195,2,363.06,0.0,726.12
82,192,1,141.42,0.0,141.42
82,106,1,139.38,0.0,139.38
82,88,1,102.38,0.0,102.38
83,92,1,167.15,0.0,167.15
83,92,2,167.15,0.0,334.3
84,159,1,201.51,0.0,201.51
84,200,1,117.27,0.0,117.27
85,162,1,152.51,21.1,131.41
85,121,3,203.98,0.0,611.94
85,125,1,197.06,0.0,197.06
86,155,2,245.67,29.99,461.35
86,84,2,30.0,0.0,60.0
87,14,1,155.43,9.31,146.12
87,83,1,277.87,0.0,277.87
88,90,1,209.34,0.0,209.34
89,165,1,275.34,0.0,275.34
90,131,2,177.27,0.0,354.54
91,41,1,125.55,0.0,125.55
91,53,1,150.03,0.0,150.03
92,76,2,242.13,0.0,484.26
92,148,2,150.7,0.0,301.4
93,7,1,174.65,0.0,174.65
94,116,1,101.23,0.0,101.23
95,52,1,177.08,0.0,177.08
96,31,1,242.14,0.0,242.14
96,113,2,177.36,0.0,354.72
96,113,3,177.36,0.0,532.08
97,199,2,127.55,9.33,245.77
98,51,1,142.96,0.0,142.96
99,13,1,204.98,14.78,190.2
100,16,2,160.73,0.0,321.46
100,170,1,224.35,0.0,224.35
100,170,2,224.35,0.0,448.7
101,12,1,287.39,0.0,287.39
102,13,1,204.98,0.0,204.98
103,44,1,125.75,0.0,125.75
103,155,2,245.67,0.0,491.34
104,77,1,193.44,18.29,175.15
105,98,1,275.77,0.0,275.77
105,159,1,201.51,0.0,201.51
106,132,1,168.51,0.0,168.51
106,132,2,168.51,20.39,316.63
107,107,1,215.38,0.0,215.38
108,82,1,134.91,0.0,134.91
108,35,2,143.72,0.0,287.44
109,60,1,176.68,0.0,176.68
109,179,1,319.57,0.0,319.57
110,99,2,218.4,0.0,436.8
111,17,3,57.66,0.0,172.98
112,55,2,167.79,0.0,335.58
112,55,1,167.79,0.0,167.79
112,46,1,183.07,0.0,183.07
112,55,1,167.79,21.19,146.6
113,154,1,168.71,0.0,168.71
113,145,1,226.72,0.0,226.72
114,26,3,247.94,0.0,743.82
115,164,1,245.23,0.0,245.23
115,51,1,142.96,0.0,142.96
116,154,2,168.71,0.0,337.42
116,145,1,226.72,0.0,226.72
117,119,1,277.31,0.0,277.31
117,50,1,210.46,0.0,210.46
118,15,1,247.23,51.63,195.6
118,15,1,247.23,0.0,247.23
118,15,2,247.23,0.0,494.46
119,113,1,177.36,0.0,177.36
119,31,1,242.14,0.0,242.14
119,113,1,177.36,36.01,141.35
120,25,3,228.02,0.0,684.06
121,87,1,203.96,0.0,203.96
122,21,1,202.35,0.0,202.35
122,21,2,202.35,0.0,404.7
123,74,1,141.68,0.0,141.68
123,60,1,176.68,0.0,176.68
124,13,3,204.98,0.0,614.94
125,51,1,142.96,0.0,142.96
125,22,1,88.13,0.0,88.13
126,119,1,277.31,0.0,277.31
126,153,1,211.31,26.18,185.13
127,164,2,245.23,0.0,490.46
127,164,1,245.23,24.6,220.63
127,51,2,142.96,0.0,285.92
127,51,1,142.96,0.0,142.96
128,135,1,155.76,0.0,155.76
128,56,3,142.43,0.0,427.29
128,93,1,107.19,0.0,107.19
128,36,1,167.81,0.0,167.81
129,12,1,287.39,55.73,231.66
130,166,2,229.72,0.0,459.44
130,166,1,229.72,0.0,229.72
131,38,1,166.39,0.0,166.39
131,30,3,241.85,0.0,725.55
132,139,1,162.53,0.0,162.53
132,15,2,247.23,0.0,494.46
133,185,1,224.62,0.0,224.62
134,82,1,134.91,0.0,134.91
135,17,1,57.66,0.0,57.66
136,55,1,167.79,0.0,167.79
137,141,1,227.19,0.0,227.19
137,116,1,101.23,0.0,101.23
137,138,1,48.35,0.0,48.35
137,184,1,186.27,12.67,173.6
137,69,2,175.15,0.0,350.3
138,13,1,204.98,0.0,204.98
138,13,3,204.98,0.0,614.94
139,30,2,241.85,0.0,483.7
140,189,4,166.79,0.0,667.16
140,189,1,166.79,0.0,166.79
140,2,6,166.94,0.0,1001.64
140,2,1,166.94,0.0,166.94
141,131,1,177.27,0.0,177.27
141,105,1,205.68,0.0,205.68
141,131,3,177.27,0.0,531.81
142,13,2,204.98,0.0,409.96
143,21,3,202.35,0.0,607.05
143,72,1,231.98,0.0,231.98
143,21,1,202.35,0.0,202.35
144,50,1,210.46,0.0,210.46
144,119,2,277.31,0.0,554.62
145,184,1,186.27,0.0,186.27
145,79,1,226.0,0.0,226.0
145,184,2,186.27,0.0,372.54
145,184,3,186.27,0.0,558.81
146,134,1,119.24,0.0,119.24
146,134,2,119.24,0.0,238.48
147,170,1,224.35,0.0,224.35
148,182,1,96.4,0.0,96.4
148,135,2,155.76,0.0,311.52
148,180,1,258.93,0.0,258.93
148,180,3,258.93,0.0,776.79
149,57,1,128.81,0.0,128.81
149,106,1,139.38,0.0,139.38
150,134,3,119.24,0.0,357.72
150,134,3,119.24,27.95,329.77
151,26,2,247.94,0.0,495.88
152,95,2,281.68,16.88,546.48
153,77,1,193.44,0.0,193.44
154,113,3,177.36,0.0,532.08
155,42,3,256.94,0.0,770.82
155,42,2,256.94,0.0,513.88
156,164,1,245.23,0.0,245.23
157,127,4,233.63,0.0,934.52
158,129,1,279.43,0.0,279.43
159,59,1,177.46,0.0,177.46
159,171,1,223.73,40.67,183.06
159,160,1,155.91,37.04,118.87
160,21,2,202.35,0.0,404.7
160,21,2,202.35,42.53,362.17
161,31,2,242.14,0.0,484.28
161,31,1,242.14,0.0,242.14
162,67,1,170.88,0.0,170.88
162,47,1,196.31,0.0,196.31
162,100,1,186.42,0.0,186.42
163,115,1,128.67,0.0,128.67
164,40,2,160.55,0.0,321.1
164,61,2,159.71,0.0,319.42
164,104,2,195.48,0.0,390.96
164,104,1,195.48,0.0,195.48
165,154,1,168.71,0.0,168.71
166,33,2,165.75,0.0,331.5
166,33,1,165.75,0.0,165.75
166,33,3,165.75,0.0,497.25
167,124,2,140.15,21.07,259.23
167,59,1,177.46,0.0,177.46
167,59,2,177.46,0.0,354.92
168,12,1,287.39,0.0,287.39
169,72,2,231.98,0.0,463.96
170,133,2,199.52,0.0,399.04
170,1,1,170.71,0.0,170.71
170,133,1,199.52,0.0,199.52
171,174,1,168.72,0.0,168.72
171,174,2,168.72,0.0,337.44
171,176,1,151.88,0.0,151.88
171,198,1,50.34,0.0,50.34
172,17,1,57.66,0.0,57.66
173,23,2,235.13,0.0,470.26
174,101,1,144.63,0.0,144.63
174,1,1,170.71,0.0,170.71
175,3,1,252.17,0.0,252.17
175,165,1,275.34,0.0,275.34
176,152,1,213.79,0.0,213.79
176,4,1,228.49,0.0,228.49
177,140,1,216.66,0.0,216.66
177,94,1,177.98,0.0,177.98
177,78,3,226.72,0.0,680.16
178,21,3,202.35,0.0,607.05
179,95,2,281.68,43.21,520.15
180,92,1,167.15,0.0,167.15
181,101,1,144.63,0.0,144.63
181,1,2,170.71,0.0,341.42
182,163,2,158.4,0.0,316.8
182,85,1,62.56,0.0,62.56
183,97,3,127.27,0.0,381.81
183,30,1,241.85,53.39,188.46
184,139,4,162.53,0.0,650.12
184,15,1,247.23,0.0,247.23
184,139,1,162.53,0.0,162.53
184,139,1,162.53,22.02,140.51
185,49,1,215.82,0.0,215.82
185,186,2,147.99,0.0,295.98
186,144,1,198.4,0.0,198.4
187,142,1,122.92,0.0,122.92
187,48,3,251.66,0.0,754.98
187,43,1,163.98,13.96,150.02
188,178,1,176.42,0.0,176.42
188,185,1,224.62,0.0,224.62
189,92,1,167.15,0.0,167.15
189,92,1,167.15,22.19,144.96
190,2,2,166.94,0.0,333.88
191,27,1,206.98,0.0,206.98
192,29,1,220.52,0.0,220.52
193,189,3,166.79,0.0,500.37
193,197,3,178.95,22.97,513.88
194,129,1,279.43,0.0,279.43
195,72,1,231.98,0.0,231.98
196,193,1,134.75,0.0,134.75
196,107,2,215.38,0.0,430.76
196,144,1,198.4,0.0,198.4
197,102,1,201.74,14.47,187.27
198,127,1,233.63,0.0,233.63
199,165,1,275.34,0.0,275.34
200,14,2,155.43,0.0,310.86
200,14,1,155.43,0.0,155.43
201,21,1,202.35,0.0,202.35
201,23,1,235.13,0.0,235.13
202,175,1,187.14,0.0,187.14
203,88,2,102.38,0.0,204.76
203,57,1,128.81,0.0,128.81
203,127,2,233.63,0.0,467.26
203,192,2,141.42,0.0,282.84
203,127,1,233.63,32.9,200.73
204,15,1,247.23,0.0,247.23
204,139,1,162.53,0.0,162.53
205,13,1,204.98,0.0,204.98
206,68,3,177.65,0.0,532.95
206,68,1,177.65,0.0,177.65
206,130,1,242.6,24.96,217.64
207,159,2,201.51,0.0,403.02
207,196,2,129.19,0.0,258.38
208,35,2,143.72,0.0,287.44
208,82,1,134.91,0.0,134.91
209,29,1,220.52,0.0,220.52
209,19,2,168.6,0.0,337.2
210,15,1,247.23,0.0,247.23
211,178,1,176.42,0.0,176.42
211,90,1,209.34,0.0,209.34
211,156,1,237.59,0.0,237.59
212,143,3,193.43,0.0,580.29
213,60,1,176.68,0.0,176.68
213,60,4,176.68,0.0,706.72
213,74,3,141.68,22.23,402.81
214,149,1,133.71,0.0,133.71
215,119,2,277.31,0.0,554.62
216,139,3,162.53,0.0,487.59
217,13,2,204.98,0.0,409.96
218,174,2,168.72,0.0,337.44
219,99,3,218.4,0.0,655.2
220,119,1,277.31,0.0,277.31
220,153,3,211.31,0.0,633.93
220,65,1,171.34,0.0,171.34
220,153,1,211.31,0.0,211.31
220,24,1,251.12,0.0,251.12
221,189,1,166.79,0.0,166.79
221,189,2,166.79,0.0,333.58
221,2,1,166.94,0.0,166.94
221,197,1,178.95,0.0,178.95
222,104,1,195.48,0.0,195.48
222,61,1,159.71,0.0,159.71
222,190,1,203.62,0.0,203.62
223,109,1,200.86,0.0,200.86
224,11,3,95.61,0.0,286.83
224,151,3,209.63,0.0,628.89
224,5,1,251.64,0.0,251.64
224,191,2,142.82,0.0,285.64
225,190,2,203.62,0.0,407.24
226,12,1,287.39,0.0,287.39
226,12,1,287.39,50.43,236.96
227,193,2,134.75,16.61,252.89
228,69,1,175.15,0.0,175.15
228,184,1,186.27,0.0,186.27
229,127,1,233.63,0.0,233.63
229,106,3,139.38,32.0,386.14
230,109,1,200.86,0.0,200.86
230,188,1,174.67,36.75,137.92
231,169,1,207.76,0.0,207.76
232,7,1,174.65,0.0,174.65
232,55,2,167.79,0.0,335.58
233,5,1,251.64,0.0,251.64
233,146,1,260.04,0.0,260.04
234,2,2,166.94,28.96,304.92
235,42,1,256.94,0.0,256.94
236,137,1,164.64,0.0,164.64
237,146,1,260.04,0.0,260.04
238,183,1,185.49,0.0,185.49
238,39,3,155.66,0.0,466.98
239,87,5,203.96,0.0,1019.8
239,149,1,133.71,0.0,133.71
239,63,5,194.65,0.0,973.25
239,87,1,203.96,0.0,203.96
240,103,1,280.15,0.0,280.15
240,86,1,192.01,0.0,192.01
240,165,1,275.34,0.0,275.34
240,3,2,252.17,0.0,504.34
241,72,2,231.98,0.0,463.96
242,74,1,141.68,0.0,141.68
243,124,1,140.15,0.0,140.15
243,59,2,177.46,26.06,328.86
244,31,1,242.14,19.16,222.98
244,113,4,177.36,0.0,709.44
245,193,1,134.75,12.51,122.24
246,111,1,196.62,0.0,196.62
246,34,1,160.34,0.0,160.34
247,139,2,162.53,30.04,295.02
248,76,1,242.13,0.0,242.13
249,146,5,260.04,0.0,1300.2
250,105,1,205.68,0.0,205.68
251,31,2,242.14,0.0,484.28
252,130,2,242.6,0.0,485.2
253,48,2,251.66,24.88,478.44
253,48,1,251.66,0.0,251.66
254,64,1,213.31,0.0,213.31
254,99,2,218.4,0.0,436.8
254,99,2,218.4,32.25,404.55
255,49,1,215.82,0.0,215.82
256,116,1,101.23,0.0,101.23
256,141,1,227.19,0.0,227.19
257,185,1,224.62,0.0,224.62
257,156,1,237.59,0.0,237.59
258,66,1,109.91,0.0,109.91
258,147,1,147.11,0.0,147.11
259,189,1,166.79,0.0,166.79
259,2,1,166.94,32.47,134.47
259,2,1,166.94,0.0,166.94
260,126,1,167.87,0.0,167.87
260,43,1,163.98,0.0,163.98
260,48,2,251.66,0.0,503.32
261,175,1,187.14,0.0,187.14
262,194,1,125.02,0.0,125.02
262,94,3,177.98,0.0,533.94
263,92,4,167.15,0.0,668.6
263,92,1,167.15,0.0,167.15
264,132,3,168.51,0.0,505.53
265,161,1,249.34,0.0,249.34
265,16,1,160.73,0.0,160.73
265,37,1,272.65,0.0,272.65
265,170,1,224.35,0.0,224.35
266,64,1,213.31,0.0,213.31
267,153,1,211.31,0.0,211.31
267,24,4,251.12,0.0,1004.48
267,65,1,171.34,0.0,171.34
268,174,1,168.72,41.37,127.35
268,176,1,151.88,0.0,151.88
268,198,1,50.34,0.0,50.34
269,47,2,196.31,0.0,392.62
269,81,1,93.49,0.0,93.49
269,47,1,196.31,0.0,196.31
270,46,2,183.07,0.0,366.14
271,135,2,155.76,0.0,311.52
272,99,2,218.4,0.0,436.8
273,72,1,231.98,0.0,231.98
273,23,1,235.13,0.0,235.13
274,122,3,221.26,0.0,663.78
275,77,1,193.44,0.0,193.44
275,17,1,57.66,0.0,57.66
276,32,2,167.65,20.7,314.6
277,158,1,99.72,0.0,99.72
278,166,1,229.72,0.0,229.72
278,148,1,150.7,0.0,150.7
279,32,4,167.65,0.0,670.6
280,74,3,141.68,0.0,425.04
280,179,2,319.57,0.0,639.14
281,20,1,145.41,0.0,145.41
282,19,2,168.6,0.0,337.2
282,8,1,281.11,0.0,281.11
282,188,2,174.67,9.01,340.33
282,188,3,174.67,0.0,524.01
283,30,1,241.85,0.0,241.85
283,97,1,127.27,0.0,127.27
283,18,1,103.15,23.58,79.57
283,30,2,241.85,0.0,483.7
283,38,1,166.39,0.0,166.39
284,7,1,174.65,0.0,174.65
285,99,1,218.4,0.0,218.4
285,99,2,218.4,0.0,436.8
285,64,2,213.31,0.0,426.62
286,80,1,102.55,0.0,102.55
286,91,2,218.42,49.26,387.58
286,91,1,218.42,0.0,218.42
287,1,2,170.71,0.0,341.42
287,172,1,177.72,0.0,177.72
287,96,3,244.95,0.0,734.85
288,146,1,260.04,0.0,260.04
289,89,1,223.95,0.0,223.95
289,68,1,177.65,0.0,177.65
290,60,1,176.68,0.0,176.68
290,179,1,319.57,0.0,319.57
290,179,2,319.57,0.0,639.14
291,66,1,109.91,0.0,109.91
291,14,1,155.43,0.0,155.43
291,14,1,155.43,18.17,137.26
291,83,1,277.87,0.0,277.87
291,66,2,109.91,0.0,219.82
292,13,1,204.98,0.0,204.98
293,159,1,201.51,0.0,201.51
294,175,1,187.14,0.0,187.14
294,175,4,187.14,0.0,748.56
295,60,2,176.68,0.0,353.36
295,179,3,319.57,0.0,958.71
295,74,1,141.68,0.0,141.68
296,175,1,187.14,0.0,187.14
296,175,3,187.14,0.0,561.42
296,175,2,187.14,0.0,374.28
297,74,1,141.68,0.0,141.68
298,75,2,131.03,0.0,262.06
298,75,1,131.03,0.0,131.03
299,124,1,140.15,25.46,114.69
300,92,1,167.15,0.0,167.15
301,12,2,287.39,0.0,574.78
301,12,1,287.39,0.0,287.39
302,106,4,139.38,0.0,557.52
302,192,1,141.42,0.0,141.42
303,173,1,100.22,0.0,100.22
304,31,2,242.14,0.0,484.28
304,31,1,242.14,0.0,242.14
305,75,1,131.03,0.0,131.03
305,175,3,187.14,0.0,561.42
306,164,2,245.23,53.07,437.39
306,22,1,88.13,0.0,88.13
306,51,1,142.96,0.0,142.96
307,77,1,193.44,0.0,193.44
308,139,1,162.53,0.0,162.53
308,15,3,247.23,0.0,741.69
309,183,1,185.49,0.0,185.49
309,71,3,237.49,0.0,712.47
309,25,1,228.02,0.0,228.02
310,12,1,287.39,25.56,261.83
311,196,1,129.19,0.0,129.19
311,159,1,201.51,0.0,201.51
312,175,1,187.14,0.0,187.14
313,141,1,227.19,0.0,227.19
313,138,1,48.35,0.0,48.35
313,69,1,175.15,0.0,175.15
313,184,3,186.27,0.0,558.81
314,74,1,141.68,0.0,141.68
314,179,1,319.57,0.0,319.57
315,103,1,280.15,0.0,280.15
315,86,1,192.01,0.0,192.01
316,139,3,162.53,0.0,487.59
316,139,1,162.53,0.0,162.53
317,12,1,287.39,0.0,287.39
318,197,1,178.95,0.0,178.95
319,24,2,251.12,0.0,502.24
320,42,1,256.94,0.0,256.94
320,33,1,165.75,0.0,165.75
321,172,1,177.72,0.0,177.72
321,101,1,144.63,0.0,144.63
321,101,2,144.63,0.0,289.26
322,46,2,183.07,0.0,366.14
322,55,1,167.79,0.0,167.79
322,46,1,183.07,27.91,155.16
323,53,3,150.03,8.65,441.44
324,134,4,119.24,0.0,476.96
324,173,1,100.22,0.0,100.22
325,51,2,142.96,31.33,254.59
325,164,1,245.23,0.0,245.23
325,51,4,142.96,0.0,571.84
326,113,1,177.36,0.0,177.36
327,154,2,168.71,0.0,337.42
328,52,1,177.08,0.0,177.08
329,59,1,177.46,0.0,177.46
330,41,1,125.55,0.0,125.55
331,195,1,363.06,0.0,363.06
332,63,1,194.65,0.0,194.65
332,87,2,203.96,38.53,369.39
332,149,1,133.71,0.0,133.71
333,5,1,251.64,0.0,251.64
334,18,1,103.15,18.25,84.9
334,97,1,127.27,0.0,127.27
335,168,1,322.43,0.0,322.43
336,42,2,256.94,0.0,513.88
336,42,1,256.94,0.0,256.94
336,33,2,165.75,0.0,331.5
337,51,1,142.96,0.0,142.96
338,86,1,192.01,0.0,192.01
338,3,1,252.17,0.0,252.17
338,86,2,192.01,10.42,373.6
339,23,1,235.13,0.0,235.13
339,21,1,202.35,0.0,202.35
340,196,3,129.19,0.0,387.57
341,108,1,284.65,0.0,284.65
341,97,2,127.27,0.0,254.54
342,191,3,142.82,0.0,428.46
342,5,1,251.64,0.0,251.64
342,11,1,95.61,0.0,95.61
343,165,1,275.34,0.0,275.34
343,103,1,280.15,0.0,280.15
343,3,2,252.17,0.0,504.34
344,22,1,88.13,0.0,88.13
344,22,2,88.13,0.0,176.26
345,25,1,228.02,0.0,228.02
346,141,1,227.19,0.0,227.19
346,116,1,101.23,0.0,101.23
346,184,1,186.27,0.0,186.27
347,174,1,168.72,0.0,168.72
348,175,1,187.14,0.0,187.14
348,175,2,187.14,0.0,374.28
349,155,1,245.67,0.0,245.67
350,132,1,168.51,0.0,168.51
351,76,1,242.13,0.0,242.13
351,76,1,242.13,43.01,199.12
351,9,1,115.9,0.0,115.9
352,154,1,168.71,0.0,168.71
352,145,2,226.72,0.0,453.44
352,145,1,226.72,0.0,226.72
353,91,1,218.42,0.0,218.42
353,91,4,218.42,0.0,873.68
353,80,2,102.55,0.0,205.1
354,124,1,140.15,26.4,113.75
354,171,3,223.73,0.0,671.19
355,149,2,133.71,0.0,267.42
356,128,1,150.38,0.0,150.38
356,82,2,134.91,29.74,240.08
356,35,1,143.72,0.0,143.72
357,37,1,272.65,0.0,272.65
357,161,1,249.34,0.0,249.34
357,16,1,160.73,0.0,160.73
358,170,1,224.35,0.0,224.35
359,121,2,203.98,0.0,407.96
360,168,3,322.43,0.0,967.29
360,168,1,322.43,78.94,243.49
361,15,1,247.23,0.0,247.23
362,154,2,168.71,0.0,337.42
363,34,1,160.34,0.0,160.34
364,68,2,177.65,0.0,355.3
364,89,1,223.95,22.7,201.25
365,44,2,125.75,0.0,251.5
365,44,1,125.75,0.0,125.75
365,155,1,245.67,0.0,245.67
366,129,1,279.43,0.0,279.43
367,12,2,287.39,0.0,574.78
367,12,3,287.39,0.0,862.17
367,12,1,287.39,0.0,287.39
368,189,1,166.79,0.0,166.79
368,2,1,166.94,0.0,166.94
369,91,2,218.42,0.0,436.84
369,91,1,218.42,0.0,218.42
370,73,1,275.65,0.0,275.65
371,181,1,215.51,0.0,215.51
371,45,1,209.44,20.53,188.91
372,139,2,162.53,14.31,310.75
373,45,1,209.44,0.0,209.44
374,71,1,237.49,0.0,237.49
374,39,1,155.66,0.0,155.66
374,136,2,203.82,0.0,407.64
375,100,1,186.42,0.0,186.42
376,139,1,162.53,0.0,162.53
376,139,4,162.53,36.85,613.27
376,15,1,247.23,0.0,247.23
377,128,2,150.38,0.0,300.76
378,80,1,102.55,0.0,102.55
378,91,1,218.42,0.0,218.42
379,52,2,177.08,0.0,354.16
379,95,2,281.68,0.0,563.36
379,95,1,281.68,0.0,281.68
380,170,2,224.35,0.0,448.7
381,108,2,284.65,0.0,569.3
382,17,1,57.66,0.0,57.66
383,134,2,119.24,0.0,238.48
384,100,3,186.42,0.0,559.26
385,134,1,119.24,0.0,119.24
385,53,1,150.03,0.0,150.03
386,145,3,226.72,0.0,680.16
387,161,1,249.34,0.0,249.34
388,113,1,177.36,0.0,177.36
389,189,2,166.79,0.0,333.58
390,199,1,127.55,0.0,127.55
390,199,1,127.55,27.46,100.09
391,46,2,183.07,0.0,366.14
391,55,2,167.79,0.0,335.58
391,46,3,183.07,0.0,549.21
391,7,2,174.65,0.0,349.3
391,7,3,174.65,0.0,523.95
392,129,1,279.43,0.0,279.43
392,156,1,237.59,0.0,237.59
393,2,1,166.94,0.0,166.94
393,197,2,178.95,0.0,357.9
393,197,3,178.95,0.0,536.85
394,11,2,95.61,0.0,191.22
394,146,2,260.04,0.0,520.08
394,5,1,251.64,0.0,251.64
395,171,1,223.73,0.0,223.73
395,58,1,324.99,0.0,324.99
396,198,1,50.34,0.0,50.34
396,198,2,50.34,0.0,100.68
397,80,1,102.55,0.0,102.55
398,90,1,209.34,0.0,209.34
399,128,1,150.38,0.0,150.38
399,35,2,143.72,0.0,287.44
400,95,1,281.68,0.0,281.68
401,4,1,228.49,0.0,228.49
401,152,1,213.79,49.59,164.2
401,149,3,133.71,0.0,401.13
402,38,1,166.39,0.0,166.39
402,97,1,127.27,0.0,127.27
403,197,1,178.95,34.66,144.29
403,189,2,166.79,0.0,333.58
403,197,1,178.95,0.0,178.95
403,2,1,166.94,0.0,166.94
404,166,1,229.72,0.0,229.72
404,76,2,242.13,0.0,484.26
404,32,1,167.65,13.49,154.16
404,148,1,150.7,0.0,150.7
405,164,1,245.23,0.0,245.23
405,164,2,245.23,0.0,490.46
406,106,1,139.38,0.0,139.38
407,24,2,251.12,0.0,502.24
408,72,1,231.98,0.0,231.98
409,52,2,177.08,11.31,342.85
409,95,1,281.68,0.0,281.68
409,95,2,281.68,0.0,563.36
409,52,1,177.08,0.0,177.08
410,185,1,224.62,0.0,224.62
410,185,2,224.62,0.0,449.24
411,90,2,209.34,0.0,418.68
411,156,1,237.59,0.0,237.59
412,198,2,50.34,0.0,100.68
412,176,1,151.88,0.0,151.88
412,176,1,151.88,32.31,119.57
413,26,2,247.94,0.0,495.88
413,26,1,247.94,0.0,247.94
414,173,1,100.22,13.91,86.31
415,178,1,176.42,0.0,176.42
416,139,1,162.53,0.0,162.53
417,46,1,183.07,38.49,144.58
418,65,1,171.34,0.0,171.34
418,153,1,211.31,0.0,211.31
419,95,2,281.68,0.0,563.36
419,52,3,177.08,0.0,531.24
419,52,2,177.08,0.0,354.16
420,72,1,231.98,0.0,231.98
420,23,1,235.13,0.0,235.13
420,23,2,235.13,0.0,470.26
421,120,2,264.66,0.0,529.32
422,109,1,200.86,0.0,200.86
422,29,3,220.52,0.0,661.56
423,80,1,102.55,0.0,102.55
424,110,1,142.78,12.28,130.5
424,163,1,158.4,0.0,158.4
425,198,2,50.34,0.0,100.68
426,2,1,166.94,0.0,166.94
427,170,1,224.35,32.3,192.05
428,88,1,102.38,6.1,96.28
428,195,1,363.06,25.79,337.27
428,88,1,102.38,0.0,102.38
428,192,1,141.42,0.0,141.42
429,145,1,226.72,0.0,226.72
430,44,3,125.75,0.0,377.25
431,64,1,213.31,0.0,213.31
431,99,1,218.4,0.0,218.4
431,99,2,218.4,0.0,436.8
432,144,1,198.4,0.0,198.4
432,107,1,215.38,28.99,186.39
433,36,1,167.81,0.0,167.81
434,193,1,134.75,0.0,134.75
435,144,1,198.4,0.0,198.4
435,193,1,134.75,0.0,134.75
436,157,2,245.36,0.0,490.72
436,196,3,129.19,0.0,387.57
437,187,1,230.37,0.0,230.37
438,123,2,156.11,0.0,312.22
438,133,3,199.52,0.0,598.56
439,140,4,216.66,0.0,866.64
439,94,1,177.98,0.0,177.98
440,15,1,247.23,0.0,247.23
441,154,1,168.71,0.0,168.71
441,145,1,226.72,27.31,199.41
442,79,2,226.0,0.0,452.0
442,116,1,101.23,0.0,101.23
443,13,1,204.98,0.0,204.98
444,3,1,252.17,0.0,252.17
445,69,1,175.15,0.0,175.15
445,79,1,226.0,0.0,226.0
445,116,1,101.23,10.53,90.7
446,35,1,143.72,0.0,143.72
447,173,2,100.22,0.0,200.44
448,72,1,231.98,0.0,231.98
448,21,2,202.35,0.0,404.7
449,92,2,167.15,0.0,334.3
449,92,1,167.15,0.0,167.15
450,106,1,139.38,0.0,139.38
451,121,1,203.98,0.0,203.98
452,55,2,167.79,0.0,335.58
452,46,2,183.07,0.0,366.14
452,7,1,174.65,0.0,174.65
452,46,1,183.07,0.0,183.07
452,55,1,167.79,0.0,167.79
453,91,1,218.42,0.0,218.42
454,96,1,244.95,0.0,244.95
454,101,1,144.63,0.0,144.63
454,123,1,156.11,0.0,156.11
454,96,2,244.95,0.0,489.9
454,96,3,244.95,0.0,734.85
455,100,1,186.42,0.0,186.42
455,67,3,170.88,0.0,512.64
456,164,2,245.23,0.0,490.46
457,34,2,160.34,23.84,296.84
457,34,1,160.34,0.0,160.34
457,73,1,275.65,0.0,275.65
457,111,1,196.62,0.0,196.62
457,115,1,128.67,0.0,128.67
458,119,1,277.31,56.77,220.54
459,16,1,160.73,0.0,160.73
459,37,1,272.65,0.0,272.65
460,189,2,166.79,0.0,333.58
460,189,1,166.79,0.0,166.79
460,197,3,178.95,0.0,536.85
460,2,1,166.94,0.0,166.94
461,164,1,245.23,0.0,245.23
462,52,1,177.08,0.0,177.08
463,35,2,143.72,0.0,287.44
463,128,1,150.38,0.0,150.38
463,82,1,134.91,0.0,134.91
464,77,1,193.44,0.0,193.44
465,168,1,322.43,67.68,254.75
466,173,3,100.22,0.0,300.66
466,41,1,125.55,0.0,125.55
466,173,1,100.22,5.19,95.03
467,65,1,171.34,0.0,171.34
467,153,1,211.31,15.4,195.91
467,119,3,277.31,51.83,780.1
468,175,1,187.14,16.99,170.15
469,110,1,142.78,0.0,142.78
470,47,3,196.31,0.0,588.93
471,7,1,174.65,0.0,174.65
472,115,1,128.67,0.0,128.67
472,34,1,160.34,0.0,160.34
472,73,1,275.65,0.0,275.65
473,127,1,233.63,0.0,233.63
473,88,1,102.38,7.59,94.79
473,127,2,233.63,0.0,467.26
474,55,2,167.79,0.0,335.58
475,154,2,168.71,0.0,337.42
476,131,1,177.27,0.0,177.27
476,105,4,205.68,0.0,822.72
476,131,3,177.27,0.0,531.81
477,146,1,260.04,0.0,260.04
478,62,1,164.14,0.0,164.14
478,168,2,322.43,0.0,644.86
478,62,3,164.14,0.0,492.42
478,168,1,322.43,0.0,322.43
478,177,4,157.94,0.0,631.76
479,139,1,162.53,0.0,162.53
480,56,1,142.43,11.02,131.41
480,135,3,155.76,0.0,467.28
480,182,2,96.4,0.0,192.8
480,93,2,107.19,0.0,214.38
481,73,2,275.65,0.0,551.3
482,92,1,167.15,0.0,167.15
482,92,2,167.15,0.0,334.3
482,92,3,167.15,0.0,501.45
483,57,3,128.81,0.0,386.43
483,195,1,363.06,0.0,363.06
484,97,1,127.27,0.0,127.27
485,179,1,319.57,29.43,290.14
485,179,1,319.57,0.0,319.57
485,179,2,319.57,0.0,639.14
486,64,1,213.31,0.0,213.31
486,99,1,218.4,38.51,179.89
486,99,1,218.4,0.0,218.4
486,99,1,218.4,43.68,174.72
487,44,1,125.75,0.0,125.75
488,128,1,150.38,0.0,150.38
489,145,4,226.72,0.0,906.88
490,22,1,88.13,0.0,88.13
490,51,1,142.96,0.0,142.96
490,51,2,142.96,0.0,285.92
491,72,1,231.98,0.0,231.98
492,36,3,167.81,0.0,503.43
492,182,1,96.4,0.0,96.4
492,180,1,258.93,0.0,258.93
493,180,1,258.93,0.0,258.93
493,182,1,96.4,0.0,96.4
493,122,3,221.26,0.0,663.78
493,36,1,167.81,0.0,167.81
494,131,1,177.27,0.0,177.27
494,105,1,205.68,0.0,205.68
495,103,1,280.15,0.0,280.15
496,91,2,218.42,0.0,436.84
496,80,1,102.55,15.62,86.93
496,91,1,218.42,0.0,218.42
497,28,1,88.98,0.0,88.98
498,51,1,142.96,0.0,142.96
498,22,1,88.13,0.0,88.13
498,51,2,142.96,0.0,285.92
499,193,3,134.75,0.0,404.25
499,107,1,215.38,0.0,215.38
499,144,1,198.4,0.0,198.4
500,2,1,166.94,0.0,166.94
501,77,1,193.44,41.59,151.85
501,77,1,193.44,0.0,193.44
501,77,1,193.44,26.83,166.61
502,132,3,168.51,0.0,505.53
503,92,1,167.15,0.0,167.15
504,34,2,160.34,34.78,285.9
505,41,1,125.55,0.0,125.55
505,41,2,125.55,0.0,251.1
505,53,1,150.03,0.0,150.03
506,107,3,215.38,0.0,646.14
507,146,2,260.04,0.0,520.08
508,88,3,102.38,0.0,307.14
508,195,1,363.06,24.72,338.34
509,40,3,160.55,0.0,481.65
509,104,2,195.48,0.0,390.96
510,69,1,175.15,0.0,175.15
510,184,1,186.27,0.0,186.27
510,141,1,227.19,0.0,227.19
510,116,3,101.23,14.95,288.74
510,116,1,101.23,0.0,101.23
511,92,1,167.15,0.0,167.15
512,32,1,167.65,0.0,167.65
513,44,1,125.75,0.0,125.75
513,155,1,245.67,0.0,245.67
514,10,1,215.06,0.0,215.06
515,51,1,142.96,9.85,133.11
516,5,3,251.64,0.0,754.92
517,47,2,196.31,0.0,392.62
518,195,1,363.06,33.19,329.87
519,52,1,177.08,0.0,177.08
519,95,2,281.68,0.0,563.36
519,95,1,281.68,0.0,281.68
520,94,3,177.98,0.0,533.94
521,165,1,275.34,0.0,275.34
521,3,3,252.17,0.0,756.51
521,103,1,280.15,0.0,280.15
521,103,1,280.15,26.24,253.91
521,165,2,275.34,0.0,550.68
522,164,1,245.23,0.0,245.23
522,22,1,88.13,0.0,88.13
523,13,1,204.98,19.44,185.54
524,13,2,204.98,0.0,409.96
524,13,1,204.98,0.0,204.98
525,143,2,193.43,0.0,386.86
526,22,3,88.13,0.0,264.39
526,22,1,88.13,0.0,88.13
526,51,1,142.96,20.9,122.06
527,91,1,218.42,0.0,218.42
528,18,1,103.15,0.0,103.15
528,108,3,284.65,22.2,831.75
529,200,1,117.27,0.0,117.27
529,196,1,129.19,0.0,129.19
529,159,2,201.51,18.61,384.41
529,159,3,201.51,0.0,604.53
530,83,7,277.87,0.0,1945.09
530,14,1,155.43,0.0,155.43
530,14,2,155.43,0.0,310.86
530,14,1,155.43,37.21,118.22
531,46,1,183.07,0.0,183.07
532,13,2,204.98,0.0,409.96
532,13,1,204.98,0.0,204.98
533,111,1,196.62,0.0,196.62
534,197,1,178.95,0.0,178.95
535,180,1,258.93,0.0,258.93
535,93,1,107.19,0.0,107.19
535,36,1,167.81,0.0,167.81
536,21,1,202.35,0.0,202.35
536,23,1,235.13,0.0,235.13
537,66,1,109.91,0.0,109.91
538,63,3,194.65,0.0,583.95
539,121,1,203.98,0.0,203.98
540,50,1,210.46,0.0,210.46
541,99,1,218.4,45.25,173.15
541,64,1,213.31,0.0,213.31
541,99,2,218.4,0.0,436.8
541,99,1,218.4,0.0,218.4
542,153,1,211.31,52.39,158.92
543,88,1,102.38,0.0,102.38
543,127,1,233.63,54.79,178.84
544,32,1,167.65,0.0,167.65
544,148,2,150.7,0.0,301.4
545,55,1,167.79,0.0,167.79
546,60,2,176.68,39.85,313.51
547,89,1,223.95,0.0,223.95
548,152,1,213.79,0.0,213.79
549,13,1,204.98,44.99,159.99
549,13,4,204.98,0.0,819.92
549,13,1,204.98,31.51,173.47
549,13,1,204.98,0.0,204.98
549,13,2,204.98,0.0,409.96
549,13,1,204.98,34.69,170.29
550,16,2,160.73,0.0,321.46
551,77,3,193.44,0.0,580.32
551,77,1,193.44,0.0,193.44
551,77,2,193.44,47.15,339.73
552,57,1,128.81,0.0,128.81
552,106,2,139.38,0.0,278.76
552,127,1,233.63,0.0,233.63
553,2,2,166.94,0.0,333.88
553,197,1,178.95,0.0,178.95
554,60,1,176.68,0.0,176.68
554,179,1,319.57,0.0,319.57
554,74,1,141.68,0.0,141.68
555,40,1,160.55,35.52,125.03
555,167,1,233.5,0.0,233.5
556,12,2,287.39,0.0,574.78
557,27,1,206.98,0.0,206.98
558,52,1,177.08,0.0,177.08
559,166,1,229.72,0.0,229.72
560,91,2,218.42,0.0,436.84
560,80,1,102.55,0.0,102.55
561,102,1,201.74,0.0,201.74
562,166,1,229.72,0.0,229.72
562,76,1,242.13,0.0,242.13
562,166,2,229.72,0.0,459.44
563,144,1,198.4,0.0,198.4
563,107,2,215.38,0.0,430.76
564,3,1,252.17,0.0,252.17
564,165,1,275.34,0.0,275.34
565,51,1,142.96,33.47,109.49
565,22,2,88.13,0.0,176.26
566,79,1,226.0,0.0,226.0
567,45,2,209.44,0.0,418.88
567,27,1,206.98,0.0,206.98
567,10,1,215.06,0.0,215.06
568,113,1,177.36,30.08,147.28
568,31,1,242.14,0.0,242.14
569,13,2,204.98,0.0,409.96
570,142,1,122.92,0.0,122.92
571,91,1,218.42,0.0,218.42
571,80,2,102.55,0.0,205.1
572,113,1,177.36,0.0,177.36
572,113,1,177.36,44.19,133.17
573,4,2,228.49,0.0,456.98
573,87,1,203.96,0.0,203.96
574,80,1,102.55,0.0,102.55
575,180,2,258.93,0.0,517.86
575,93,1,107.19,0.0,107.19
575,182,5,96.4,0.0,482.0
575,36,1,167.81,0.0,167.81
575,56,2,142.43,0.0,284.86
575,93,2,107.19,0.0,214.38
576,80,1,102.55,0.0,102.55
577,67,1,170.88,0.0,170.88
577,81,2,93.49,0.0,186.98
578,88,1,102.38,9.07,93.31
579,46,1,183.07,45.12,137.95
579,46,1,183.07,0.0,183.07
579,7,1,174.65,0.0,174.65
580,162,1,152.51,0.0,152.51
580,143,2,193.43,0.0,386.86
581,104,1,195.48,0.0,195.48
582,47,3,196.31,0.0,588.93
582,100,3,186.42,0.0,559.26
582,67,1,170.88,15.5,155.38
582,47,2,196.31,0.0,392.62
582,81,1,93.49,0.0,93.49
583,111,1,196.62,0.0,196.62
583,28,1,88.98,0.0,88.98
583,73,1,275.65,0.0,275.65
584,107,1,215.38,0.0,215.38
584,193,1,134.75,0.0,134.75
585,51,1,142.96,0.0,142.96
585,164,1,245.23,0.0,245.23
585,51,2,142.96,0.0,285.92
586,183,1,185.49,0.0,185.49
586,136,1,203.82,0.0,203.82
586,114,1,176.83,0.0,176.83
586,187,1,230.37,0.0,230.37
586,71,2,237.49,0.0,474.98
587,139,1,162.53,0.0,162.53
588,42,1,256.94,0.0,256.94
588,42,1,256.94,59.17,197.77
589,97,1,127.27,0.0,127.27
589,30,2,241.85,0.0,483.7
589,18,2,103.15,0.0,206.3
590,130,2,242.6,0.0,485.2
590,26,1,247.94,0.0,247.94
591,2,3,166.94,0.0,500.82
591,189,2,166.79,0.0,333.58
591,189,3,166.79,0.0,500.37
592,20,1,145.41,0.0,145.41
592,162,1,152.51,0.0,152.51
592,121,1,203.98,0.0,203.98
592,20,3,145.41,0.0,436.23
593,64,1,213.31,0.0,213.31
594,92,1,167.15,0.0,167.15
595,193,2,134.75,0.0,269.5
595,193,1,134.75,0.0,134.75
595,144,3,198.4,0.0,595.2
596,24,2,251.12,0.0,502.24
596,24,1,251.12,0.0,251.12
596,153,1,211.31,0.0,211.31
596,65,3,171.34,0.0,514.02
597,87,1,203.96,0.0,203.96
598,15,1,247.23,0.0,247.23
599,70,4,88.43,0.0,353.72
599,70,1,88.43,0.0,88.43
599,123,4,156.11,0.0,624.44
599,1,1,170.71,0.0,170.71
599,133,2,199.52,0.0,399.04
600,22,3,88.13,0.0,264.39
600,22,2,88.13,14.49,161.77
601,7,2,174.65,0.0,349.3
601,55,1,167.79,0.0,167.79
601,46,1,183.07,0.0,183.07
601,46,1,183.07,12.51,170.56
602,162,2,152.51,0.0,305.02
602,121,1,203.98,0.0,203.98
602,199,3,127.55,0.0,382.65
603,64,1,213.31,0.0,213.31
603,99,1,218.4,0.0,218.4
604,18,2,103.15,0.0,206.3
604,30,1,241.85,0.0,241.85
604,38,1,166.39,0.0,166.39
605,16,1,160.73,19.38,141.35
605,16,1,160.73,0.0,160.73
605,37,2,272.65,0.0,545.3
606,171,4,223.73,0.0,894.92
607,52,1,177.08,0.0,177.08
608,179,1,319.57,0.0,319.57
608,179,2,319.57,0.0,639.14
609,12,2,287.39,0.0,574.78
610,109,2,200.86,0.0,401.72
610,109,1,200.86,29.77,171.09
610,8,1,281.11,0.0,281.11
611,92,1,167.15,0.0,167.15
612,102,2,201.74,0.0,403.48
612,102,1,201.74,0.0,201.74
612,45,1,209.44,0.0,209.44
613,52,1,177.08,0.0,177.08
613,95,1,281.68,0.0,281.68
614,116,1,101.23,0.0,101.23
614,138,1,48.35,0.0,48.35
614,138,3,48.35,0.0,145.05
614,116,1,101.23,19.58,81.65
615,31,1,242.14,0.0,242.14
615,113,2,177.36,0.0,354.72
616,91,1,218.42,0.0,218.42
616,80,1,102.55,0.0,102.55
616,80,2,102.55,0.0,205.1
617,78,1,226.72,0.0,226.72
617,94,4,177.98,0.0,711.92
617,140,2,216.66,0.0,433.32
618,13,1,204.98,0.0,204.98
619,87,3,203.96,0.0,611.88
619,87,1,203.96,0.0,203.96
619,149,3,133.71,0.0,401.13
619,63,2,194.65,0.0,389.3
620,41,1,125.55,0.0,125.55
621,176,2,151.88,0.0,303.76
622,175,2,187.14,0.0,374.28
623,187,1,230.37,0.0,230.37
623,25,2,228.02,0.0,456.04
623,183,1,185.49,0.0,185.49
624,163,1,158.4,0.0,158.4
625,30,1,241.85,0.0,241.85
626,196,1,129.19,0.0,129.19
626,200,1,117.27,0.0,117.27
627,131,2,177.27,0.0,354.54
628,92,1,167.15,0.0,167.15
629,131,1,177.27,0.0,177.27
629,131,1,177.27,19.35,157.92
630,31,2,242.14,35.9,448.38
631,24,1,251.12,0.0,251.12
632,47,1,196.31,0.0,196.31
633,46,1,183.07,31.16,151.91
633,55,2,167.79,0.0,335.58
633,46,1,183.07,0.0,183.07
634,145,1,226.72,0.0,226.72
634,154,1,168.71,0.0,168.71
634,154,2,168.71,0.0,337.42
635,12,2,287.39,0.0,574.78
635,12,1,287.39,0.0,287.39
636,21,1,202.35,0.0,202.35
637,67,1,170.88,0.0,170.88
638,12,2,287.39,0.0,574.78
638,12,1,287.39,0.0,287.39
638,12,4,287.39,0.0,1149.56
639,44,1,125.75,0.0,125.75
639,84,1,30.0,0.0,30.0
639,155,1,245.67,0.0,245.67
640,145,1,226.72,0.0,226.72
641,14,1,155.43,0.0,155.43
642,127,2,233.63,0.0,467.26
643,66,2,109.91,0.0,219.82
644,162,2,152.51,0.0,305.02
644,20,1,145.41,0.0,145.41
644,125,1,197.06,0.0,197.06
644,143,1,193.43,0.0,193.43
645,197,2,178.95,12.79,345.11
646,179,1,319.57,0.0,319.57
647,84,1,30.0,0.0,30.0
648,117,1,218.32,0.0,218.32
649,138,1,48.35,0.0,48.35
649,116,1,101.23,0.0,101.23
649,79,1,226.0,0.0,226.0
650,24,1,251.12,0.0,251.12
650,50,1,210.46,28.89,181.57
650,50,1,210.46,0.0,210.46
651,85,1,62.56,14.59,47.97
652,37,1,272.65,0.0,272.65
653,39,2,155.66,0.0,311.32
654,171,1,223.73,0.0,223.73
654,171,2,223.73,0.0,447.46
655,51,1,142.96,0.0,142.96
656,147,2,147.11,0.0,294.22
657,170,1,224.35,21.41,202.94
657,37,2,272.65,0.0,545.3
657,16,1,160.73,0.0,160.73
658,77,3,193.44,0.0,580.32
658,17,1,57.66,0.0,57.66
658,77,1,193.44,0.0,193.44
659,176,2,151.88,0.0,303.76
660,100,2,186.42,0.0,372.84
660,100,1,186.42,0.0,186.42
660,81,1,93.49,0.0,93.49
661,90,1,209.34,0.0,209.34
662,40,3,160.55,0.0,481.65
663,92,1,167.15,0.0,167.15
664,92,1,167.15,0.0,167.15
665,174,2,168.72,0.0,337.44
665,174,1,168.72,0.0,168.72
666,163,1,158.4,38.65,119.75
666,118,1,189.62,0.0,189.62
666,85,2,62.56,0.0,125.12
667,41,1,125.55,29.44,96.11
668,154,1,168.71,0.0,168.71
669,139,1,162.53,0.0,162.53
669,139,2,162.53,0.0,325.06
670,76,1,242.13,0.0,242.13
670,148,1,150.7,0.0,150.7
670,148,2,150.7,0.0,301.4
670,32,1,167.65,0.0,167.65
671,70,1,88.43,0.0,88.43
671,101,1,144.63,0.0,144.63
672,56,2,142.43,0.0,284.86
673,10,1,215.06,0.0,215.06
674,72,1,231.98,0.0,231.98
674,21,1,202.35,0.0,202.35
675,156,2,237.59,0.0,475.18
675,129,2,279.43,16.64,542.22
675,185,2,224.62,47.32,401.92
676,61,2,159.71,0.0,319.42
676,186,3,147.99,0.0,443.97
677,36,1,167.81,0.0,167.81
677,180,2,258.93,0.0,517.86
678,92,1,167.15,0.0,167.15
679,15,1,247.23,0.0,247.23
680,174,1,168.72,0.0,168.72
680,198,1,50.34,0.0,50.34
681,175,2,187.14,0.0,374.28
682,114,2,176.83,0.0,353.66
682,187,1,230.37,0.0,230.37
683,70,1,88.43,9.46,78.97
684,161,1,249.34,0.0,249.34
685,66,1,109.91,0.0,109.91
685,147,4,147.11,9.38,579.06
686,60,1,176.68,0.0,176.68
686,74,1,141.68,13.27,128.41
686,74,1,141.68,0.0,141.68
687,100,3,186.42,0.0,559.26
688,192,1,141.42,0.0,141.42
689,135,1,155.76,0.0,155.76
690,92,1,167.15,0.0,167.15
690,92,1,167.15,8.46,158.69
690,92,2,167.15,0.0,334.3
690,92,1,167.15,38.07,129.08
691,149,1,133.71,0.0,133.71
692,54,1,132.81,29.54,103.27
693,37,1,272.65,0.0,272.65
693,37,1,272.65,65.91,206.74
693,161,2,249.34,0.0,498.68
694,57,1,128.81,18.6,110.21
694,195,2,363.06,0.0,726.12
694,192,3,141.42,0.0,424.26
695,166,1,229.72,0.0,229.72
696,53,3,150.03,0.0,450.09
696,53,1,150.03,0.0,150.03
697,83,2,277.87,0.0,555.74
697,147,3,147.11,0.0,441.33
698,27,1,206.98,0.0,206.98
699,108,1,284.65,24.2,260.45
700,177,1,157.94,0.0,157.94
700,177,2,157.94,0.0,315.88
700,62,2,164.14,0.0,328.28
701,75,1,131.03,0.0,131.03
702,45,2,209.44,46.42,372.46
702,27,2,206.98,0.0,413.96
702,10,2,215.06,33.94,396.18
703,57,2,128.81,0.0,257.62
704,33,1,165.75,0.0,165.75
704,42,1,256.94,0.0,256.94
704,33,2,165.75,14.6,316.9
705,17,1,57.66,12.26,45.4
705,77,1,193.44,0.0,193.44
705,17,3,57.66,0.0,172.98
706,91,1,218.42,0.0,218.42
707,64,1,213.31,0.0,213.31
707,99,1,218.4,31.44,186.96
708,137,1,164.64,0.0,164.64
708,142,1,122.92,0.0,122.92
709,108,3,284.65,0.0,853.95
709,30,2,241.85,0.0,483.7
710,182,1,96.4,0.0,96.4
711,82,1,134.91,0.0,134.91
711,35,1,143.72,0.0,143.72
712,82,1,134.91,0.0,134.91
713,91,1,218.42,0.0,218.42
714,24,1,251.12,0.0,251.12
714,50,3,210.46,0.0,631.38
715,159,1,201.51,0.0,201.51
715,200,1,117.27,0.0,117.27
716,116,1,101.23,0.0,101.23
716,141,1,227.19,0.0,227.19
717,157,2,245.36,0.0,490.72
717,200,3,117.27,0.0,351.81
717,196,3,129.19,0.0,387.57
718,112,1,120.15,28.45,91.7
718,29,1,220.52,0.0,220.52
719,84,4,30.0,0.0,120.0
719,155,1,245.67,0.0,245.67
719,84,3,30.0,0.0,90.0
719,84,1,30.0,0.0,30.0
720,145,1,226.72,0.0,226.72
721,81,1,93.49,0.0,93.49
721,67,1,170.88,26.58,144.3
722,106,2,139.38,29.89,248.87
722,106,1,139.38,0.0,139.38
722,192,2,141.42,0.0,282.84
723,110,1,142.78,0.0,142.78
723,163,2,158.4,0.0,316.8
723,118,1,189.62,0.0,189.62
723,163,1,158.4,0.0,158.4
724,139,2,162.53,0.0,325.06
725,166,1,229.72,0.0,229.72
726,174,1,168.72,0.0,168.72
726,176,1,151.88,0.0,151.88
727,118,3,189.62,0.0,568.86
727,163,1,158.4,0.0,158.4
727,110,1,142.78,0.0,142.78
727,118,1,189.62,0.0,189.62
728,179,1,319.57,0.0,319.57
728,74,2,141.68,0.0,283.36
729,50,1,210.46,0.0,210.46
729,119,1,277.31,0.0,277.31
729,24,2,251.12,0.0,502.24
730,185,1,224.62,39.53,185.09
730,178,1,176.42,34.85,141.57
730,178,1,176.42,23.21,153.21
731,60,1,176.68,0.0,176.68
732,83,3,277.87,0.0,833.61
732,66,1,109.91,0.0,109.91
733,150,1,258.17,0.0,258.17
734,176,3,151.88,0.0,455.64
735,24,1,251.12,0.0,251.12
735,50,1,210.46,0.0,210.46
735,65,2,171.34,0.0,342.68
736,132,1,168.51,0.0,168.51
736,177,1,157.94,0.0,157.94
737,105,1,205.68,0.0,205.68
737,131,1,177.27,0.0,177.27
737,131,4,177.27,0.0,709.08
738,13,1,204.98,41.59,163.39
739,9,1,115.9,0.0,115.9
739,76,1,242.13,0.0,242.13
740,12,2,287.39,0.0,574.78
740,12,1,287.39,0.0,287.39
741,64,1,213.31,14.25,199.06
742,128,3,150.38,0.0,451.14
743,46,4,183.07,0.0,732.28
743,7,3,174.65,0.0,523.95
743,7,2,174.65,0.0,349.3
744,2,1,166.94,0.0,166.94
744,197,1,178.95,0.0,178.95
745,139,1,162.53,0.0,162.53
746,192,1,141.42,0.0,141.42
747,111,1,196.62,0.0,196.62
748,77,2,193.44,0.0,386.88
749,102,1,201.74,0.0,201.74
749,27,2,206.98,0.0,413.96
750,170,1,224.35,0.0,224.35
750,161,1,249.34,0.0,249.34
751,32,2,167.65,20.49,314.81
751,32,2,167.65,0.0,335.3
751,166,1,229.72,0.0,229.72
751,76,1,242.13,0.0,242.13
752,95,2,281.68,0.0,563.36
753,139,1,162.53,0.0,162.53
754,140,1,216.66,0.0,216.66
755,163,2,158.4,0.0,316.8
756,53,2,150.03,0.0,300.06
757,16,1,160.73,0.0,160.73
758,193,1,134.75,0.0,134.75
758,107,1,215.38,0.0,215.38
759,92,1,167.15,0.0,167.15
759,92,2,167.15,0.0,334.3
760,166,2,229.72,0.0,459.44
760,76,1,242.13,0.0,242.13
761,154,1,168.71,0.0,168.71
762,17,3,57.66,0.0,172.98
762,17,1,57.66,0.0,57.66
763,197,3,178.95,0.0,536.85
763,2,2,166.94,0.0,333.88
764,175,1,187.14,0.0,187.14
764,175,2,187.14,0.0,374.28
764,75,1,131.03,0.0,131.03
765,139,1,162.53,0.0,162.53
766,137,2,164.64,0.0,329.28
766,137,1,164.64,14.78,149.86
766,126,1,167.87,0.0,167.87
767,92,1,167.15,0.0,167.15
768,195,1,363.06,0.0,363.06
768,57,1,128.81,0.0,128.81
768,106,1,139.38,0.0,139.38
769,69,3,175.15,0.0,525.45
769,69,1,175.15,0.0,175.15
770,158,1,99.72,0.0,99.72
770,140,1,216.66,0.0,216.66
771,198,2,50.34,0.0,100.68
772,125,1,197.06,0.0,197.06
772,20,2,145.41,0.0,290.82
773,92,1,167.15,0.0,167.15
773,92,2,167.15,0.0,334.3
774,4,1,228.49,0.0,228.49
774,152,1,213.79,0.0,213.79
775,91,1,218.42,0.0,218.42
776,43,1,163.98,0.0,163.98
777,186,1,147.99,0.0,147.99
777,186,3,147.99,0.0,443.97
777,186,2,147.99,0.0,295.98
778,63,2,194.65,0.0,389.3
779,72,1,231.98,0.0,231.98
780,12,1,287.39,0.0,287.39
781,138,1,48.35,0.0,48.35
782,154,1,168.71,0.0,168.71
782,154,2,168.71,0.0,337.42
783,124,2,140.15,0.0,280.3
783,171,3,223.73,0.0,671.19
783,160,5,155.91,0.0,779.55
783,6,1,280.25,0.0,280.25
784,145,1,226.72,0.0,226.72
784,154,1,168.71,0.0,168.71
785,64,1,213.31,0.0,213.31
785,64,3,213.31,0.0,639.93
786,105,1,205.68,0.0,205.68
787,158,1,99.72,0.0,99.72
787,78,1,226.72,0.0,226.72
788,173,2,100.22,0.0,200.44
788,53,1,150.03,0.0,150.03
788,53,2,150.03,0.0,300.06
789,175,1,187.14,0.0,187.14
789,75,1,131.03,0.0,131.03
790,94,1,177.98,0.0,177.98
790,194,1,125.02,0.0,125.02
790,158,3,99.72,0.0,299.16
790,194,2,125.02,0.0,250.04
790,94,1,177.98,43.34,134.64
791,74,1,141.68,0.0,141.68
792,90,1,209.34,0.0,209.34
792,129,2,279.43,0.0,558.86
793,134,1,119.24,0.0,119.24
793,41,1,125.55,11.13,114.42
793,53,3,150.03,0.0,450.09
793,134,1,119.24,19.49,99.75
794,86,1,192.01,0.0,192.01
795,68,1,177.65,0.0,177.65
795,26,1,247.94,0.0,247.94
796,12,1,287.39,53.88,233.51
796,12,2,287.39,0.0,574.78
796,12,1,287.39,0.0,287.39
797,145,2,226.72,0.0,453.44
797,154,1,168.71,0.0,168.71
798,116,1,101.23,0.0,101.23
798,69,2,175.15,0.0,350.3
799,78,1,226.72,0.0,226.72
799,194,2,125.02,0.0,250.04
800,101,2,144.63,0.0,289.26
801,111,1,196.62,0.0,196.62
801,115,1,128.67,7.15,121.52
801,28,1,88.98,9.45,79.53
802,113,1,177.36,0.0,177.36
803,27,1,206.98,40.59,166.39
803,102,1,201.74,0.0,201.74
803,102,1,201.74,31.42,170.32
804,29,3,220.52,0.0,661.56
804,188,1,174.67,0.0,174.67
804,29,1,220.52,0.0,220.52
805,3,1,252.17,0.0,252.17
806,60,2,176.68,0.0,353.36
806,74,1,141.68,0.0,141.68
806,179,1,319.57,0.0,319.57
806,179,4,319.57,0.0,1278.28
807,34,1,160.34,0.0,160.34
808,59,1,177.46,0.0,177.46
808,160,1,155.91,0.0,155.91
809,31,1,242.14,0.0,242.14
810,48,1,251.66,0.0,251.66
811,161,2,249.34,0.0,498.68
811,161,1,249.34,0.0,249.34
811,170,1,224.35,0.0,224.35
811,37,1,272.65,0.0,272.65
812,185,1,224.62,0.0,224.62
812,156,2,237.59,0.0,475.18
812,178,3,176.42,0.0,529.26
812,129,1,279.43,0.0,279.43
812,156,1,237.59,0.0,237.59
813,5,1,251.64,0.0,251.64
814,109,1,200.86,0.0,200.86
815,92,1,167.15,0.0,167.15
815,92,1,167.15,35.68,131.47
816,55,1,167.79,0.0,167.79
817,92,1,167.15,0.0,167.15
817,92,2,167.15,0.0,334.3
817,92,3,167.15,0.0,501.45
818,67,1,170.88,0.0,170.88
819,120,1,264.66,0.0,264.66
819,167,1,233.5,0.0,233.5
819,54,2,132.81,32.61,233.01
819,54,1,132.81,0.0,132.81
820,45,1,209.44,0.0,209.44
820,10,1,215.06,39.7,175.36
820,102,1,201.74,0.0,201.74
820,102,4,201.74,0.0,806.96
820,102,2,201.74,0.0,403.48
820,10,1,215.06,0.0,215.06
821,139,1,162.53,0.0,162.53
822,165,3,275.34,0.0,826.02
823,91,2,218.42,0.0,436.84
824,111,1,196.62,0.0,196.62
824,111,2,196.62,0.0,393.24
825,88,1,102.38,0.0,102.38
825,192,5,141.42,20.15,686.95
825,106,1,139.38,0.0,139.38
825,127,1,233.63,0.0,233.63
826,80,1,102.55,0.0,102.55
827,99,1,218.4,0.0,218.4
827,99,2,218.4,0.0,436.8
828,13,1,204.98,0.0,204.98
828,13,3,204.98,0.0,614.94
828,13,2,204.98,0.0,409.96
828,13,2,204.98,45.59,364.37
829,185,1,224.62,0.0,224.62
829,129,2,279.43,32.64,526.22
830,105,1,205.68,0.0,205.68
831,55,2,167.79,0.0,335.58
832,61,3,159.71,0.0,479.13
833,64,1,213.31,0.0,213.31
833,99,1,218.4,0.0,218.4
833,99,2,218.4,0.0,436.8
834,146,3,260.04,0.0,780.12
834,11,1,95.61,23.57,72.04
834,151,1,209.63,0.0,209.63
834,11,1,95.61,0.0,95.61
835,12,1,287.39,0.0,287.39
836,193,3,134.75,0.0,404.25
837,174,1,168.72,0.0,168.72
837,198,1,50.34,0.0,50.34
838,176,1,151.88,0.0,151.88
838,174,3,168.72,0.0,506.16
838,198,1,50.34,0.0,50.34
839,176,1,151.88,15.01,136.87
840,21,1,202.35,0.0,202.35
840,23,1,235.13,0.0,235.13
841,189,1,166.79,0.0,166.79
842,23,1,235.13,0.0,235.13
843,128,1,150.38,0.0,150.38
843,82,1,134.91,0.0,134.91
843,82,3,134.91,0.0,404.73
844,129,1,279.43,0.0,279.43
844,90,1,209.34,0.0,209.34
844,185,1,224.62,55.22,169.4
845,166,1,229.72,0.0,229.72
845,148,1,150.7,0.0,150.7
846,42,3,256.94,0.0,770.82
847,46,1,183.07,0.0,183.07
847,7,1,174.65,0.0,174.65
847,46,3,183.07,0.0,549.21
847,46,2,183.07,0.0,366.14
848,158,1,99.72,0.0,99.72
849,13,1,204.98,0.0,204.98
850,157,1,245.36,0.0,245.36
851,105,2,205.68,0.0,411.36
851,131,1,177.27,0.0,177.27
852,12,2,287.39,0.0,574.78
853,177,1,157.94,0.0,157.94
853,62,2,164.14,0.0,328.28
853,168,1,322.43,0.0,322.43
853,132,1,168.51,29.41,139.1
853,62,1,164.14,0.0,164.14
854,91,1,218.42,0.0,218.42
855,80,1,102.55,0.0,102.55
856,142,2,122.92,0.0,245.84
856,126,3,167.87,0.0,503.61
856,142,3,122.92,0.0,368.76
857,106,2,139.38,0.0,278.76
858,60,1,176.68,0.0,176.68
859,105,2,205.68,0.0,411.36
859,131,1,177.27,0.0,177.27
860,103,1,280.15,0.0,280.15
860,86,1,192.01,0.0,192.01
861,130,1,242.6,0.0,242.6
861,117,1,218.32,0.0,218.32
861,68,1,177.65,0.0,177.65
862,97,1,127.27,0.0,127.27
863,125,1,197.06,0.0,197.06
863,125,2,197.06,0.0,394.12
863,143,1,193.43,0.0,193.43
863,162,1,152.51,0.0,152.51
864,18,1,103.15,0.0,103.15
865,15,1,247.23,0.0,247.23
866,155,5,245.67,0.0,1228.35
866,155,1,245.67,0.0,245.67
867,70,2,88.43,0.0,176.86
868,121,1,203.98,0.0,203.98
868,125,1,197.06,0.0,197.06
869,46,1,183.07,0.0,183.07
869,55,1,167.79,0.0,167.79
870,78,1,226.72,29.33,197.39
870,94,2,177.98,0.0,355.96
871,52,1,177.08,0.0,177.08
871,52,3,177.08,0.0,531.24
872,92,3,167.15,0.0,501.45
872,92,2,167.15,0.0,334.3
873,172,1,177.72,0.0,177.72
873,1,2,170.71,29.8,311.62
873,169,1,207.76,0.0,207.76
874,197,1,178.95,0.0,178.95
874,2,1,166.94,0.0,166.94
875,114,4,176.83,0.0,707.32
875,25,2,228.02,0.0,456.04
875,39,1,155.66,0.0,155.66
875,136,1,203.82,0.0,203.82
875,183,3,185.49,0.0,556.47
876,50,1,210.46,0.0,210.46
877,31,2,242.14,0.0,484.28
877,113,1,177.36,0.0,177.36
878,111,1,196.62,0.0,196.62
878,115,1,128.67,0.0,128.67
879,38,1,166.39,0.0,166.39
879,97,2,127.27,0.0,254.54
880,90,2,209.34,0.0,418.68
881,18,1,103.15,0.0,103.15
881,30,2,241.85,0.0,483.7
882,137,2,164.64,0.0,329.28
882,137,1,164.64,37.68,126.96
882,137,5,164.64,0.0,823.2
883,57,1,128.81,14.21,114.6
884,163,2,158.4,0.0,316.8
884,85,1,62.56,0.0,62.56
884,118,1,189.62,0.0,189.62
884,163,1,158.4,0.0,158.4
885,140,1,216.66,0.0,216.66
885,158,1,99.72,0.0,99.72
885,140,2,216.66,0.0,433.32
886,171,2,223.73,0.0,447.46
886,59,1,177.46,0.0,177.46
886,124,1,140.15,0.0,140.15
886,6,1,280.25,0.0,280.25
887,86,1,192.01,0.0,192.01
888,6,1,280.25,0.0,280.25
888,124,2,140.15,0.0,280.3
889,153,2,211.31,0.0,422.62
889,50,3,210.46,39.66,591.72
890,85,1,62.56,14.43,48.13
891,193,5,134.75,0.0,673.75
891,107,1,215.38,0.0,215.38
892,50,3,210.46,0.0,631.38
893,153,1,211.31,17.14,194.17
894,59,2,177.46,43.63,311.29
894,58,1,324.99,0.0,324.99
894,171,1,223.73,0.0,223.73
895,85,1,62.56,0.0,62.56
896,82,2,134.91,0.0,269.82
897,131,1,177.27,0.0,177.27
897,105,1,205.68,0.0,205.68
897,131,2,177.27,0.0,354.54
898,179,1,319.57,0.0,319.57
899,197,1,178.95,0.0,178.95
899,189,1,166.79,11.03,155.76
899,2,1,166.94,0.0,166.94
900,33,1,165.75,0.0,165.75
900,42,2,256.94,0.0,513.88
901,144,1,198.4,0.0,198.4
902,107,1,215.38,0.0,215.38
903,123,2,156.11,17.46,294.76
903,172,1,177.72,0.0,177.72
903,169,3,207.76,0.0,623.28
903,96,1,244.95,0.0,244.95
903,169,1,207.76,43.41,164.35
904,133,1,199.52,0.0,199.52
904,101,2,144.63,0.0,289.26
904,70,1,88.43,0.0,88.43
905,50,3,210.46,0.0,631.38
906,105,1,205.68,0.0,205.68
907,99,1,218.4,0.0,218.4
908,80,1,102.55,0.0,102.55
908,91,1,218.42,0.0,218.42
908,80,3,102.55,0.0,307.65
909,60,2,176.68,0.0,353.36
909,179,2,319.57,0.0,639.14
910,165,1,275.34,0.0,275.34
911,168,2,322.43,0.0,644.86
911,132,1,168.51,0.0,168.51
912,198,1,50.34,0.0,50.34
913,197,2,178.95,0.0,357.9
914,59,1,177.46,0.0,177.46
914,58,1,324.99,0.0,324.99
914,150,1,258.17,0.0,258.17
914,6,2,280.25,0.0,560.5
915,163,1,158.4,0.0,158.4
916,145,3,226.72,0.0,680.16
917,82,2,134.91,0.0,269.82
918,85,2,62.56,0.0,125.12
918,85,1,62.56,0.0,62.56
918,110,1,142.78,0.0,142.78
919,76,1,242.13,0.0,242.13
919,166,1,229.72,0.0,229.72
919,148,3,150.7,0.0,452.1
919,76,4,242.13,0.0,968.52
919,148,1,150.7,0.0,150.7
920,37,2,272.65,0.0,545.3
920,16,1,160.73,0.0,160.73
921,13,1,204.98,0.0,204.98
922,55,2,167.79,0.0,335.58
923,103,1,280.15,0.0,280.15
923,86,2,192.01,0.0,384.02
924,67,1,170.88,0.0,170.88
925,189,1,166.79,0.0,166.79
925,2,1,166.94,0.0,166.94
926,6,1,280.25,61.75,218.5
927,75,1,131.03,0.0,131.03
927,75,2,131.03,0.0,262.06
928,51,2,142.96,0.0,285.92
929,179,1,319.57,27.58,291.99
930,132,1,168.51,0.0,168.51
931,121,1,203.98,0.0,203.98
932,113,6,177.36,0.0,1064.16
933,174,1,168.72,0.0,168.72
933,176,1,151.88,0.0,151.88
934,124,1,140.15,0.0,140.15
934,58,1,324.99,0.0,324.99
935,76,1,242.13,0.0,242.13
935,76,2,242.13,0.0,484.26
935,148,1,150.7,23.45,127.25
936,112,1,120.15,0.0,120.15
936,29,2,220.52,0.0,441.04
936,19,1,168.6,0.0,168.6
937,55,1,167.79,0.0,167.79
938,31,1,242.14,0.0,242.14
939,15,1,247.23,0.0,247.23
940,118,1,189.62,9.75,179.87
940,118,2,189.62,0.0,379.24
941,107,3,215.38,0.0,646.14
941,107,1,215.38,0.0,215.38
942,53,3,150.03,0.0,450.09
943,187,1,230.37,42.35,188.02
943,39,1,155.66,0.0,155.66
944,154,2,168.71,0.0,337.42
944,145,2,226.72,0.0,453.44
944,154,1,168.71,0.0,168.71
945,63,1,194.65,0.0,194.65
945,4,2,228.49,0.0,456.98
945,152,1,213.79,0.0,213.79
946,111,1,196.62,0.0,196.62
947,72,2,231.98,0.0,463.96
947,72,1,231.98,0.0,231.98
947,21,1,202.35,10.62,191.73
948,166,1,229.72,0.0,229.72
948,76,1,242.13,0.0,242.13
948,9,1,115.9,0.0,115.9
949,148,3,150.7,0.0,452.1
950,48,1,251.66,0.0,251.66
951,113,1,177.36,28.24,149.12
951,113,3,177.36,0.0,532.08
951,113,1,177.36,0.0,177.36
951,113,2,177.36,41.86,312.86
951,31,1,242.14,0.0,242.14
952,185,1,224.62,0.0,224.62
953,173,1,100.22,0.0,100.22
954,82,1,134.91,0.0,134.91
954,128,2,150.38,0.0,300.76
954,35,1,143.72,0.0,143.72
955,143,2,193.43,0.0,386.86
955,125,2,197.06,0.0,394.12
955,121,1,203.98,21.28,182.7
955,199,2,127.55,0.0,255.1
956,172,3,177.72,0.0,533.16
957,23,1,235.13,0.0,235.13
957,21,2,202.35,0.0,404.7
958,103,1,280.15,0.0,280.15
959,191,1,142.82,0.0,142.82
960,169,1,207.76,0.0,207.76
960,101,1,144.63,0.0,144.63
961,156,2,237.59,0.0,475.18
961,185,1,224.62,0.0,224.62
961,178,1,176.42,0.0,176.42
961,129,2,279.43,0.0,558.86
962,133,2,199.52,0.0,399.04
963,7,1,174.65,0.0,174.65
964,22,1,88.13,0.0,88.13
964,164,1,245.23,0.0,245.23
965,67,1,170.88,0.0,170.88
966,7,1,174.65,0.0,174.65
966,46,1,183.07,0.0,183.07
967,8,1,281.11,0.0,281.11
967,188,1,174.67,0.0,174.67
968,142,2,122.92,0.0,245.84
969,175,1,187.14,42.26,144.88
970,11,3,95.61,0.0,286.83
971,189,3,166.79,0.0,500.37
971,197,1,178.95,26.81,152.14
971,189,1,166.79,0.0,166.79
972,45,1,209.44,0.0,209.44
973,18,3,103.15,0.0,309.45
974,30,1,241.85,0.0,241.85
974,97,1,127.27,0.0,127.27
974,108,1,284.65,0.0,284.65
975,110,1,142.78,0.0,142.78
976,105,3,205.68,0.0,617.04
977,52,1,177.08,37.72,139.36
978,75,2,131.03,0.0,262.06
978,175,1,187.14,0.0,187.14
979,30,2,241.85,0.0,483.7
980,51,1,142.96,0.0,142.96
980,164,1,245.23,0.0,245.23
981,133,1,199.52,46.79,152.73
982,47,2,196.31,0.0,392.62
983,86,1,192.01,0.0,192.01
983,3,1,252.17,52.87,199.3
983,86,2,192.01,0.0,384.02
983,3,1,252.17,0.0,252.17
984,138,2,48.35,0.0,96.7
984,69,3,175.15,0.0,525.45
985,58,2,324.99,0.0,649.98
985,6,4,280.25,17.09,1103.91
985,124,1,140.15,0.0,140.15
986,2,1,166.94,0.0,166.94
986,189,1,166.79,0.0,166.79
986,2,2,166.94,0.0,333.88
987,112,1,120.15,0.0,120.15
987,19,1,168.6,0.0,168.6
987,188,2,174.67,0.0,349.34
988,92,2,167.15,0.0,334.3
989,64,1,213.31,0.0,213.31
990,60,4,176.68,11.12,695.6
990,60,1,176.68,0.0,176.68
990,179,1,319.57,0.0,319.57
991,95,1,281.68,0.0,281.68
991,52,1,177.08,0.0,177.08
991,52,3,177.08,0.0,531.24
991,52,6,177.08,0.0,1062.48
992,126,1,167.87,0.0,167.87
992,142,2,122.92,0.0,245.84
992,126,2,167.87,0.0,335.74
993,134,2,119.24,0.0,238.48
993,134,1,119.24,0.0,119.24
993,173,2,100.22,0.0,200.44
994,80,1,102.55,0.0,102.55
994,80,1,102.55,23.69,78.86
995,178,2,176.42,33.68,319.16
995,90,3,209.34,45.27,582.75
995,90,1,209.34,0.0,209.34
996,11,1,95.61,0.0,95.61
996,146,1,260.04,0.0,260.04
997,77,1,193.44,0.0,193.44
997,17,2,57.66,0.0,115.32
998,22,2,88.13,0.0,176.26
998,22,1,88.13,0.0,88.13
999,155,3,245.67,0.0,737.01
999,155,1,245.67,0.0,245.67
999,84,1,30.0,0.0,30.0
1000,121,1,203.98,0.0,203.98
